revision,case,nx,nr,tol,status,initial_inventory_mol,max_abs_residual_mol,relative_max,final_residual_mol,max_rate_mol_s,max_rate_prediction_error_mol_s,max_supplied_residual_mol,max_integrated_rate_closure_mol,quadrature_disagreement_mol,runtime_seconds,error
baseline,basic_constant,20,20,1e-06,completed,0.2669565878850001,4.6629367034256575e-15,1.746702241127821e-14,4.6629367034256575e-15,3.6093646477844735e-09,1.9586288865978346e-18,4.828087799349512e-20,2.3436820599992753e-07,4.0955178777507976e-08,2.205135458963923,
baseline,basic_constant,20,20,1e-08,completed,0.2669565878850001,4.718447854656915e-15,1.7674963154269615e-14,4.551914400963142e-15,6.982767433737135e-11,1.9586288865978346e-18,5.039846036163087e-20,1.868262430205931e-09,4.391468488224175e-10,2.284798000007868,
baseline,basic_constant,20,20,1e-10,completed,0.2669565878850001,4.829470157119431e-15,1.809084464025243e-14,4.6629367034256575e-15,8.189338354040558e-13,2.1612996939667684e-18,4.912791094074942e-20,7.223876543743584e-12,3.5075316227998004e-12,2.426006417023018,
baseline,basic_constant,20,80,1e-10,completed,0.26695658788500065,7.327471962526033e-15,2.74481780748657e-14,7.105427357601002e-15,1.9158564098782464e-12,1.1675487326385837e-17,8.893845946170154e-20,3.764903812096607e-11,7.945936701774809e-12,10.360270707984455,
baseline,basic_constant,40,40,1e-10,completed,0.2669565878849986,6.938893903907228e-15,2.5992592873926054e-14,-6.494804694057166e-15,5.714056343971569e-13,5.078586119838329e-18,9.190307477709159e-20,9.455248912551952e-12,4.297948101764775e-12,7.662775292061269,
baseline,basic_constant,80,20,1e-10,completed,0.2669565878849999,5.384581669432009e-15,2.017025207016652e-14,4.884981308350689e-15,5.099610170782597e-13,1.693623656424306e-18,6.056285572868247e-20,5.199161146191319e-12,4.291888425508453e-12,8.37043062504381,
baseline,basic_constant,80,80,1e-10,completed,0.26695658788500054,7.16093850883226e-15,2.6824355845891492e-14,6.772360450213455e-15,1.172951458996898e-12,1.167548732637906e-17,7.115076756936123e-20,1.2876062534902796e-11,2.717203773763215e-12,28.56061433395371,
baseline,basic_variable,20,20,1e-06,completed,0.2669565878850001,0.006518387000820358,0.024417404539304185,0.006518387000820358,4.5167741483547776e-06,2.0625252265642213e-18,6.75583206003761e-08,1.1610220776838223e-06,1.048577344781379e-06,2.2979562499094754,
baseline,basic_variable,20,20,1e-08,completed,0.2669565878850001,0.006518391173237659,0.02441742016887652,0.006518391173237659,4.516855979199741e-06,2.225236616137077e-18,6.755836384443578e-08,1.1703131080342821e-06,1.0481508548685486e-06,2.391808083979413,
baseline,basic_variable,20,20,1e-10,completed,0.2669565878850001,0.0065183911440975795,0.024417420059719898,0.0065183911440975795,4.5168560006008415e-06,2.1612996939667746e-18,6.755836354241814e-08,1.1702209005044761e-06,1.0480920867861343e-06,2.7528166660340503,
baseline,basic_variable,20,80,1e-10,completed,0.26695658788500065,0.006518403345920576,0.02441746576686307,0.006518403345920576,4.515291475662637e-06,1.1675487326385837e-17,6.755849000541167e-08,1.2968783564531322e-06,1.067116314667528e-06,7.196710792020895,
baseline,basic_variable,40,40,1e-10,completed,0.2669565878849986,0.0065161180514641814,0.024408905219717746,0.0065161180514641814,4.511238799338842e-06,5.0785861198380826e-18,6.75348045973914e-08,1.2548299245110708e-06,1.0613197585452802e-06,7.865694332984276,
baseline,basic_variable,80,20,1e-10,completed,0.2669565878849999,0.006515537438902486,0.024406730287207832,0.006515537438902486,4.511379206435131e-06,1.7440408383966044e-18,6.752878697226191e-08,1.1660617067997536e-06,1.044977201738323e-06,8.35937612503767,
baseline,basic_variable,80,80,1e-10,completed,0.26695658788500054,0.006515547020166101,0.024406766177925778,0.006515547020166101,4.509809197675935e-06,1.1675487326386159e-17,6.752888627504066e-08,1.292083856579626e-06,1.0640116293245128e-06,28.628119667060673,
baseline,dfn_control,20,20,1e-06,completed,0.2669565878850001,3.9968028886505635e-15,1.4971733495381322e-14,-3.885780586188048e-15,2.6676261395554653e-18,2.6676261395554653e-18,4.218847493575595e-15,3.9968028886505635e-15,0.0,2.32244133297354,
baseline,dfn_control,20,20,1e-08,completed,0.2669565878850001,3.941291737419306e-15,1.4763792752389916e-14,-3.885780586188048e-15,2.611629527678121e-18,2.611629527678121e-18,4.052314039881821e-15,3.941291737419306e-15,0.0,2.42442175000906,
baseline,dfn_control,20,20,1e-10,completed,0.2669565878850001,3.9968028886505635e-15,1.4971733495381322e-14,-3.9968028886505635e-15,2.655284308558278e-18,2.655284308558278e-18,4.163336342344337e-15,3.9968028886505635e-15,0.0,2.5292656660312787,
baseline,dfn_control,20,80,1e-10,completed,0.26695658788500065,3.3639757646142243e-14,1.2601209025279253e-13,3.347322419244847e-14,9.39412781953638e-18,9.39412781953638e-18,3.4083846855992306e-14,3.3639757646142243e-14,0.0,7.316311958013102,
baseline,dfn_control,40,40,1e-10,completed,0.2669565878849986,6.994405055138486e-15,2.620053361691746e-14,6.994405055138486e-15,3.6538286228360866e-18,3.6538286228360866e-18,5.717648576819556e-15,6.994405055138486e-15,0.0,7.762397416983731,
baseline,dfn_control,80,20,1e-10,completed,0.2669565878849999,3.7192471324942744e-15,1.3932029780424298e-14,-3.3306690738754696e-15,2.256547808423701e-18,2.256547808423701e-18,5.551115123125783e-15,3.7192471324942744e-15,0.0,8.470088834059425,
baseline,dfn_control,80,80,1e-10,completed,0.26695658788500054,3.425038030968608e-14,1.2829943842569805e-13,3.425038030968608e-14,9.384669310456795e-18,9.384669310456795e-18,3.530509218307998e-14,3.425038030968608e-14,0.0,28.441663125064224,
baseline,half,20,20,1e-06,completed,9.754383258831857e-05,1.6391854911049003e-11,1.6804604121134378e-07,-2.1884198893686903e-12,1.9950761034856912e-14,8.040195554015429e-22,1.8017252775921126e-10,2.3429436284933184e-14,2.5029347646345994e-15,1.374855333007872,
baseline,half,20,20,1e-08,completed,9.754383258831857e-05,1.6377432691120275e-11,1.67898187476812e-07,-2.181280662008362e-12,7.849832790423069e-14,8.503416697045124e-22,1.804193454893108e-10,2.3392837508808313e-12,2.1602918221488233e-14,1.38142266694922,
baseline,half,20,20,1e-10,completed,9.754383258831857e-05,1.6385250466410253e-11,1.6797833375651553e-07,-2.1917249848238222e-12,1.3706531328185295e-14,9.000931634480529e-22,1.8028246298636553e-10,2.88747923765351e-14,6.520361759721884e-16,1.5294937500730157,
baseline,half,20,80,1e-10,completed,9.754383258831859e-05,1.6383546900194208e-11,1.6796086913398797e-07,-2.1882547247202393e-12,1.394176966902134e-14,1.222055808891043e-20,1.8029776704213125e-10,3.6315840550228924e-14,4.562696603726133e-15,4.057652208022773,
baseline,half,40,40,1e-10,reproduction_failure,,,,,,,,,,0.4020867500221357,SolverError('IDA_ERR_FAIL: Error test failures occurred too many times during one step or minimum step size was reached')
baseline,half,80,20,1e-10,reproduction_failure,,,,,,,,,,0.3354086250765249,SolverError('IDA_ERR_FAIL: Error test failures occurred too many times during one step or minimum step size was reached')
baseline,half,80,80,1e-10,reproduction_failure,,,,,,,,,,0.5732492919778451,SolverError('IDA_ERR_FAIL: Error test failures occurred too many times during one step or minimum step size was reached')
main,basic_constant,20,20,1e-06,completed,0.2669565878849998,4.884981308350689e-15,1.829878538324386e-14,4.829470157119431e-15,3.5979288609305944e-09,2.868651773724182e-18,4.658681209898652e-20,2.8059521159280723e-07,3.9840587414202344e-08,2.1647835000185296,
main,basic_constant,20,20,1e-08,completed,0.2669565878849998,4.9960036108132044e-15,1.871466686922667e-14,4.9404924595819466e-15,1.0993189621414864e-10,2.868651773724182e-18,4.573977915173222e-20,1.945788159928135e-09,5.438283128616052e-10,2.2362302499823272,
main,basic_constant,20,20,1e-10,completed,0.2669565878849998,4.829470157119431e-15,1.809084464025245e-14,4.829470157119431e-15,5.558648319818846e-13,2.8686517737241914e-18,4.616329562535937e-20,3.783857020219378e-12,3.902381566783916e-13,2.4050079999724403,
main,basic_constant,20,80,1e-10,completed,0.2669565878849999,7.66053886991358e-15,2.8695822532814226e-14,7.382983113757291e-15,2.2143831500441927e-12,7.571592650075612e-18,7.242131699024268e-20,4.00891201485737e-11,8.692273032290829e-13,7.1194647090742365,
main,basic_constant,40,40,1e-10,completed,0.2669565878849993,7.438494264988549e-15,2.7864059560848652e-14,-7.216449660063518e-15,7.14593620008367e-13,3.6334665799793225e-18,7.284483346386983e-20,1.013303778969149e-11,1.9551333096876613e-12,7.563626209041104,
main,basic_constant,80,20,1e-10,completed,0.2669565878850017,3.2751579226442118e-15,1.2268503836492954e-14,2.886579864025407e-15,4.379146920302848e-13,2.868651773737408e-18,4.743384504624082e-20,3.626707805393767e-12,7.253554549363702e-14,8.381474041962065,
main,basic_constant,80,80,1e-10,completed,0.26695658788500054,7.049916206369744e-15,2.6408474359908676e-14,6.994405055138486e-15,1.5292961057125458e-12,4.893036495842597e-18,6.860966872759833e-20,1.527197092065701e-11,6.9236829954955286e-12,29.076712667010725,
main,basic_variable,20,20,1e-06,completed,0.2669565878849998,0.006518386995949033,0.02441740452105658,0.006518386995949033,4.516774163292502e-06,2.8686517737242253e-18,6.755832054988362e-08,1.1608229528413394e-06,1.0486156719665546e-06,2.2666316659888253,
main,basic_variable,20,20,1e-08,completed,0.2669565878849998,0.006518391161787707,0.024417420125985856,0.006518391161787707,4.516855984363986e-06,2.8686517737242253e-18,6.755836372575926e-08,1.1705194671038713e-06,1.048317440657115e-06,2.2932817499386147,
main,basic_variable,20,20,1e-10,completed,0.2669565878849998,0.006518391137415203,0.024417420034688227,0.006518391137415203,4.516856015032311e-06,2.8686517737241968e-18,6.755836347315413e-08,1.1702106456632291e-06,1.0480936725410991e-06,2.6697456660913303,
main,basic_variable,20,80,1e-10,completed,0.2669565878849999,0.006518403339031753,0.02441746574105811,0.006518403339031753,4.515291485481321e-06,8.106588378701385e-18,6.755848993400044e-08,1.2968485983231443e-06,1.0671164740374411e-06,7.404483875026926,
main,basic_variable,40,40,1e-10,completed,0.2669565878849993,0.00651611804391472,0.024408905191437947,0.00651611804391472,4.511238826809713e-06,3.5311835009986945e-18,6.753480451917088e-08,1.254837076708308e-06,1.0613184642212573e-06,7.711939707980491,
main,basic_variable,80,20,1e-10,completed,0.2669565878850017,0.0065155374313627945,0.02440673025896453,0.0065155374313627945,4.511379208676326e-06,2.8686517737224195e-18,6.752878689412778e-08,1.1660546267201755e-06,1.0449796764662109e-06,9.29527716699522,
main,basic_variable,80,80,1e-10,completed,0.26695658788500054,0.006515547012750034,0.024406766150145726,0.006515547012750034,4.5098091805771855e-06,4.9144851599694506e-18,6.75288861981847e-08,1.2920800593662143e-06,1.0640060466183404e-06,29.307802625000477,
main,dfn_control,20,20,1e-06,completed,0.2669565878849998,3.885780586188048e-15,1.4555852009398522e-14,-3.7192471324942744e-15,2.6139614208358495e-18,2.6139614208358495e-18,3.9968028886505635e-15,3.885780586188048e-15,0.0,2.411559083033353,
main,dfn_control,20,20,1e-08,completed,0.2669565878849998,3.608224830031759e-15,1.3516148294441485e-14,-3.497202527569243e-15,2.5467144255386815e-18,2.5467144255386815e-18,3.9968028886505635e-15,3.608224830031759e-15,0.0,2.414601832977496,
main,dfn_control,20,20,1e-10,completed,0.2669565878849998,3.608224830031759e-15,1.3516148294441485e-14,-3.3861802251067274e-15,2.674678369801237e-18,2.674678369801237e-18,3.9968028886505635e-15,3.608224830031759e-15,0.0,2.596379208029248,
main,dfn_control,20,80,1e-10,completed,0.2669565878849999,3.47499806707674e-14,1.3017090511262104e-13,3.47499806707674e-14,1.242118757289744e-17,1.242118757289744e-17,3.430589146091734e-14,3.47499806707674e-14,0.0,7.287727583083324,
main,dfn_control,40,40,1e-10,completed,0.2669565878849993,6.5503158452884236e-15,2.4537007672986125e-14,6.106226635438361e-15,3.1841288615086745e-18,3.1841288615086745e-18,6.827871601444713e-15,6.5503158452884236e-15,0.0,7.719988457974978,
main,dfn_control,80,20,1e-10,completed,0.2669565878850017,5.495603971894525e-15,2.0586133556149194e-14,-5.495603971894525e-15,2.237990256458069e-18,2.237990256458069e-18,4.718447854656915e-15,5.495603971894525e-15,0.0,8.565470542060211,
main,dfn_control,80,80,1e-10,completed,0.26695658788500054,3.4638958368304884e-14,1.297550236266379e-13,3.397282455352979e-14,1.2421187572907803e-17,1.2421187572907803e-17,3.3362201889985954e-14,3.4638958368304884e-14,0.0,29.103311666985974,
main,half,20,20,1e-06,completed,9.754383255148095e-05,1.6396819377929124e-11,1.6809693600336376e-07,-2.2102733529603784e-12,1.982266826234142e-14,8.735027268559972e-22,1.8011975961237134e-10,5.460268767052414e-14,2.550543374379157e-15,1.3767009159782901,
main,half,20,20,1e-08,completed,9.754383255148095e-05,1.6376273069134166e-11,1.6788629932590786e-07,-2.1875746182499663e-12,7.072996968768296e-14,8.883881630492217e-22,1.8042738563446635e-10,6.645988441273096e-13,2.2104141882709445e-13,1.409394207992591,
main,half,20,20,1e-10,reproduction_failure,,,,,,,,,,0.2409419579198584,SolverError('IDAGetDky: IDA_BAD_K: The k-th derivative is not available (flag: -25)')
main,half,20,80,1e-10,reproduction_failure,,,,,,,,,,0.345511749968864,SolverError('IDAGetDky: IDA_BAD_K: The k-th derivative is not available (flag: -25)')
main,half,40,40,1e-10,completed,9.754383255148049e-05,3.4272396220644524e-12,3.5135379986793795e-08,1.194036236800821e-12,3.996094709549655e-15,1.4525291556431166e-21,5.882102561578502e-11,1.294764333617575e-14,4.844053930307203e-15,4.753683084039949,
main,half,80,20,1e-10,reproduction_failure,,,,,,,,,,0.34761104197241366,SolverError('IDA_ERR_FAIL: Error test failures occurred too many times during one step or minimum step size was reached')
main,half,80,80,1e-10,reproduction_failure,,,,,,,,,,0.719305207952857,SolverError('IDA_CONV_FAIL: Convergence test failures occurred too many times during one step or with |h| = hmin')
pr,basic_constant,20,20,1e-06,completed,0.2669565878849998,4.884981308350689e-15,1.829878538324386e-14,4.829470157119431e-15,3.5979288609305944e-09,2.868651773724182e-18,4.658681209898652e-20,2.8059521159280723e-07,3.9840587414202344e-08,2.184641500003636,
pr,basic_constant,20,20,1e-08,completed,0.2669565878849998,4.9960036108132044e-15,1.871466686922667e-14,4.9404924595819466e-15,1.0993189621414864e-10,2.868651773724182e-18,4.573977915173222e-20,1.945788159928135e-09,5.438283128616052e-10,2.2676554169738665,
pr,basic_constant,20,20,1e-10,completed,0.2669565878849998,4.829470157119431e-15,1.809084464025245e-14,4.829470157119431e-15,5.558648319818846e-13,2.8686517737241914e-18,4.616329562535937e-20,3.783857020219378e-12,3.902381566783916e-13,2.419802082935348,
pr,basic_constant,20,80,1e-10,completed,0.2669565878849999,7.66053886991358e-15,2.8695822532814226e-14,7.382983113757291e-15,2.2143831500441927e-12,7.571592650075612e-18,7.242131699024268e-20,4.00891201485737e-11,8.692273032290829e-13,7.1100474579725415,
pr,basic_constant,40,40,1e-10,completed,0.2669565878849993,7.438494264988549e-15,2.7864059560848652e-14,-7.216449660063518e-15,7.14593620008367e-13,3.6334665799793225e-18,7.284483346386983e-20,1.013303778969149e-11,1.9551333096876613e-12,7.577563249971718,
pr,basic_constant,80,20,1e-10,completed,0.2669565878850017,3.2751579226442118e-15,1.2268503836492954e-14,2.886579864025407e-15,4.379146920302848e-13,2.868651773737408e-18,4.743384504624082e-20,3.626707805393767e-12,7.253554549363702e-14,8.412437624996528,
pr,basic_constant,80,80,1e-10,completed,0.26695658788500054,7.049916206369744e-15,2.6408474359908676e-14,6.994405055138486e-15,1.5292961057125458e-12,4.893036495842597e-18,6.860966872759833e-20,1.527197092065701e-11,6.9236829954955286e-12,28.985379124991596,
pr,basic_variable,20,20,1e-06,completed,0.2669565878849998,0.006518386995949033,0.02441740452105658,0.006518386995949033,4.516774163292502e-06,2.8686517737242253e-18,6.755832054988362e-08,1.1608229528413394e-06,1.0486156719665546e-06,2.2097442909143865,
pr,basic_variable,20,20,1e-08,completed,0.2669565878849998,0.006518391161787707,0.024417420125985856,0.006518391161787707,4.516855984363986e-06,2.8686517737242253e-18,6.755836372575926e-08,1.1705194671038713e-06,1.048317440657115e-06,2.285821167053655,
pr,basic_variable,20,20,1e-10,completed,0.2669565878849998,0.006518391137415203,0.024417420034688227,0.006518391137415203,4.516856015032311e-06,2.8686517737241968e-18,6.755836347315413e-08,1.1702106456632291e-06,1.0480936725410991e-06,2.6599663749802858,
pr,basic_variable,20,80,1e-10,completed,0.2669565878849999,0.006518403339031753,0.02441746574105811,0.006518403339031753,4.515291485481321e-06,8.106588378701385e-18,6.755848993400044e-08,1.2968485983231443e-06,1.0671164740374411e-06,7.431453582947142,
pr,basic_variable,40,40,1e-10,completed,0.2669565878849993,0.00651611804391472,0.024408905191437947,0.00651611804391472,4.511238826809713e-06,3.5311835009986945e-18,6.753480451917088e-08,1.254837076708308e-06,1.0613184642212573e-06,7.719912750064395,
pr,basic_variable,80,20,1e-10,completed,0.2669565878850017,0.0065155374313627945,0.02440673025896453,0.0065155374313627945,4.511379208676326e-06,2.8686517737224195e-18,6.752878689412778e-08,1.1660546267201755e-06,1.0449796764662109e-06,9.31075783399865,
pr,basic_variable,80,80,1e-10,completed,0.26695658788500054,0.006515547012750034,0.024406766150145726,0.006515547012750034,4.5098091805771855e-06,4.9144851599694506e-18,6.75288861981847e-08,1.2920800593662143e-06,1.0640060466183404e-06,29.248054665978998,
pr,dfn_control,20,20,1e-06,completed,0.2669565878849998,3.885780586188048e-15,1.4555852009398522e-14,-3.7192471324942744e-15,2.6139614208358495e-18,2.6139614208358495e-18,3.9968028886505635e-15,3.885780586188048e-15,0.0,2.327814416028559,
pr,dfn_control,20,20,1e-08,completed,0.2669565878849998,3.608224830031759e-15,1.3516148294441485e-14,-3.497202527569243e-15,2.5467144255386815e-18,2.5467144255386815e-18,3.9968028886505635e-15,3.608224830031759e-15,0.0,2.3964019999839365,
pr,dfn_control,20,20,1e-10,completed,0.2669565878849998,3.608224830031759e-15,1.3516148294441485e-14,-3.3861802251067274e-15,2.674678369801237e-18,2.674678369801237e-18,3.9968028886505635e-15,3.608224830031759e-15,0.0,2.576132124988362,
pr,dfn_control,20,80,1e-10,completed,0.2669565878849999,3.47499806707674e-14,1.3017090511262104e-13,3.47499806707674e-14,1.242118757289744e-17,1.242118757289744e-17,3.430589146091734e-14,3.47499806707674e-14,0.0,7.32740049995482,
pr,dfn_control,40,40,1e-10,completed,0.2669565878849993,6.5503158452884236e-15,2.4537007672986125e-14,6.106226635438361e-15,3.1841288615086745e-18,3.1841288615086745e-18,6.827871601444713e-15,6.5503158452884236e-15,0.0,7.739560000016354,
pr,dfn_control,80,20,1e-10,completed,0.2669565878850017,5.495603971894525e-15,2.0586133556149194e-14,-5.495603971894525e-15,2.237990256458069e-18,2.237990256458069e-18,4.718447854656915e-15,5.495603971894525e-15,0.0,8.572691458975896,
pr,dfn_control,80,80,1e-10,completed,0.26695658788500054,3.4638958368304884e-14,1.297550236266379e-13,3.397282455352979e-14,1.2421187572907803e-17,1.2421187572907803e-17,3.3362201889985954e-14,3.4638958368304884e-14,0.0,29.127317250007764,
pr,half,20,20,1e-06,completed,9.754383255148095e-05,1.6396819377929124e-11,1.6809693600336376e-07,-2.2102733529603784e-12,1.982266826234142e-14,8.735027268559972e-22,1.8011975961237134e-10,5.460268767052414e-14,2.550543374379157e-15,1.389105457928963,
pr,half,20,20,1e-08,completed,9.754383255148095e-05,1.6376273069134166e-11,1.6788629932590786e-07,-2.1875746182499663e-12,7.072996968768296e-14,8.883881630492217e-22,1.8042738563446635e-10,6.645988441273096e-13,2.2104141882709445e-13,1.4096141660120338,
pr,half,20,20,1e-10,reproduction_failure,,,,,,,,,,0.2438406670698896,SolverError('IDAGetDky: IDA_BAD_K: The k-th derivative is not available (flag: -25)')
pr,half,20,80,1e-10,reproduction_failure,,,,,,,,,,0.3243020409718156,SolverError('IDAGetDky: IDA_BAD_K: The k-th derivative is not available (flag: -25)')
pr,half,40,40,1e-10,completed,9.754383255148049e-05,3.4272396220644524e-12,3.5135379986793795e-08,1.194036236800821e-12,3.996094709549655e-15,1.4525291556431166e-21,5.882102561578502e-11,1.294764333617575e-14,4.844053930307203e-15,4.714710957952775,
pr,half,80,20,1e-10,reproduction_failure,,,,,,,,,,0.3501915829256177,SolverError('IDA_ERR_FAIL: Error test failures occurred too many times during one step or minimum step size was reached')
pr,half,80,80,1e-10,reproduction_failure,,,,,,,,,,0.6838493330869824,SolverError('IDA_CONV_FAIL: Convergence test failures occurred too many times during one step or with |h| = hmin')
